"judul","penulis","penerbit","kota","tahun","isbn","cover_url","baca_url","kategori"
"Pena Remaja Edisi 37","Tim penulis Pena Remaja","MTs Irsyaduth Thullab","Demak","-","-","./sampul/sampul01_detail.jpg","https://drive.google.com/open?id=1umOGZoCrR1_WLA5_wmhAOGEkkqMxNbYL","800 Sastra"
"RADEN JAKA SUKARA","Abdul Rozak Zaidan","Pusat Bahasa   Kementerian Pendidikan Nasional","Jakarta","2010","979-459-400-8","./sampul/sampul02_detail.jpg","https://drive.google.com/open?id=17NdPar9mRi_sEKCuU6R-bHVI-LjNIFqV","800 Sastra"
"Jalan panjang meraih cita","Fathiah Islam Abadan","Badan Pengembangan dan Pembinaan Bahasa","Jakarta","2018","9786024374884","./sampul/sampul03_detail.jpg","https://drive.google.com/open?id=1cn6UzfhAxyiRmU_I8LxYgCviU1jvgpsu","800 Sastra"
"PANCARAN CITA","Asmara Bangun, Usmar Ismail, Matu Mona, Rosihan Anwar, Karim Halim, HB Jassin, Tahruddin Hamzah, Amal Hamzah, Muhammad Dimyati, Ramalia Dahlan.","Balai Pustaka","Jakarta","1978","-","./sampul/sampul04_detail.jpg","https://drive.google.com/open?id=16WB0saraBBA1AfF6S5Xxpe9PUDK-WrRo","800 Sastra"
"Nahkoda Pesisir Barat","Ivan Adilla","Badan Pengembangan dan Pembinaan Bahasa","Jakarta","2018","9786024374648","./sampul/sampul05_detail.jpg","https://drive.google.com/open?id=1XITCGVKa8ruLoXAWgwgVUdXkwJuBpS7a","800 Sastra"
"Petualangan Khalid dan Kahlil","Fatmawati Adnan","Badan Pengembangan dan Pembinaan Bahasa","Jakarta","2018","9786024374129","./sampul/sampul06_detail.jpg","https://drive.google.com/open?id=10oNfEpXeBemzQM-MiIArc_La5Ei_etuu","800 Sastra"
"Ilmu Pengetahuan Alam Untuk SMP/MTs Kelas VII Semester 1","Wahono Widodo, Fida Rachmadiarti, dan Siti Nurul Hidayati.","Pusat Kurikulum dan Perbukuan, Balitbang, Kemendikbud","Jakarta","2017"," 978-602-427-001-8","./sampul/sampul07_detail.jpg","https://drive.google.com/open?id=1fPntSKEiPqW5U3pXc120F6x898JGcLsu","500 Sains dan matematika"
"Kisi-kisi UM 2021/2022","-","DIREKTORAT KSKK MADRASAH","Jakarta","2022","-","./sampul/sampul08_detail.jpg","https://drive.google.com/open?id=17OjciiQR7_IIj_5S88wv9Uec4xNg0HH_","000 Referensi umum"
"Kajian Akademik Kurikulum untuk Pemulihan Pembelajaran","Yogi Anggraena dan kawan-kawan","Pusat Kurikulum dan Pembelajaran Badan Standar, Kurikulum, dan Asesmen Pendidikan Kementerian Pendidikan, Kebudayaan, Riset, dan Teknologi","Jakarta","2022","-","./sampul/sampul09_detail.jpg","https://drive.google.com/open?id=152kCADF1IS7N6ZI2WH4VGSJvVmfVtiKT","300 Ilmu sosial"
"POS UM 2022","-","DIREKTORAT KSKK MADRASAH DIREKTORAT JENDERAL PENDIDIKAN ISLAM KEMENTERIAN AGAMA REPUBLIK INDONESIA","Jakarta","2022","-","./sampul/sampul10_detail.jpg","https://drive.google.com/open?id=1gpCKJyrkl6BoNR8qsNVsakF5BQyoLMNp","000 Referensi umum"
"Kota kertas: sehimpun cerita pendek karya remaja Bengkulu.","Rizki Amanda","Kantor Bahasa Bengkulu, Badan Pengembangan dan Pembinaan Bahasa Bengkulu","Bengkulu","2016","ISBN 9786026205094","./sampul/sampul11_detail.jpg","https://drive.google.com/open?id=17yj4fqCAHA5FR60BuvZrOT2ZAkIQlqNs","800 Sastra"
"Mendulang Intan di Cempaka","Anggraini Antemas","Proyek Penerbitan Buku Sastra Indonesia dan Daerah","Jakarta","1981","-","./sampul/sampul12_detail.jpg","https://drive.google.com/open?id=10HI0u386hUKXA3e1CAA99lQ7egBhjktC","800 Sastra"
"Kumpulan cerita anak","Kalyana Adzhara dan kawan-kawan","Direktorat Jenderal Pendidikan Dasar dan Menengah","Jakarta","2016","-","./sampul/sampul13_detail.jpg","https://drive.google.com/open?id=1g3ffyi45ZhF4NUhiie7EVXEfNJ71gr4v","800 Sastra"
" Populisme cerpen mata yang enak dipandang: ekspresi estetika Tohari","Ali Imron Al-Maโ€ruf dan kawan-kawan","Badan Pengembangan dan Pembinaan Bahasa","Jakarta","2018","-","./sampul/sampul14_detail.jpg","https://drive.google.com/open?id=1Akl_9Geep-dRjFHqy_hXWpM3gnVTV6Kf","300 Ilmu sosial"
"Silabus Pelatihan TIK","BPPTIK Kominfo","BPPTIK Kominfo","Jakarta","2022","-","./sampul/sampul15_detail.jpg","https://drive.google.com/open?id=1ykU58JCGkE8k7g5dpfF6XRZNtnfmHNZU","000 Referensi umum"
"PENCIPTAAN MANUSIA Dalam Perspektif Al-Qur'an dan Sains","Lajnah Pentashihan Mushaf Al-Qur'an, Badan Litbang & Diklat Kementerian Agama RI dan Lembaga Ilmu Pengetahuan Indonesia (LIPI)","Lajnah Pentashihan Mushaf Al-Qur'an Kemenag RI","-","2016","-","./sampul/sampul16_detail.jpg","https://drive.google.com/open?id=1ds6Sq9u1u8-D48W2G8sAnqJBghpcEMrk","200 Agama"
"Perangkat Lunak Pengolah Kata Tingkat Dasar","Tim BPPTIK","-","-","-","-","./sampul/sampul17_detail.jpg","https://drive.google.com/open?id=1QMHTHLgHYTsV9jLFE18-VL15tBBGFYdn","000 Referensi umum"
"Menggunakan Perangkat Lunak Lembar Sebar (Spreadsheet) Tingkat Dasar","-","-","-","-","-","./sampul/sampul18_detail.jpg","https://drive.google.com/open?id=1bKvBujNcEJnOrWFUou9SvgPg2R8nAFrI","000 Referensi umum"
"Menjadi Jurnalis Milenial","Ridho, Irsyad and Rois, Muhammad and Ardiansyah, Dadi","Direktorat Sekolah Menengah Pertama","Jakarta","2021","978-623-97764-2-8","./sampul/sampul19_detail.jpg","https://drive.google.com/open?id=1D4TcMSqsollabxSyJShEZWS_Pdn1o0Rm","300 Ilmu sosial"
"Aku Bisa!","Kayla Mubara","Badan Pengembangan Bahasa dan Perbukuan","Jakarta","2019","978-602-437-869-1","./sampul/sampul20_detail.jpg","https://drive.google.com/open?id=1ahGg4vhW3EfSQly0t8kzPBPlN2YvZ5JT","800 Sastra"
"Petunjuk Teknis Pembinaan Penerapan Sekolah/Madrasah Sehat Jakarta","Kementerian Kesehatan RI","Kementerian Kesehatan RI","Jakarta","2021","978-623-301-311-6","./sampul/sampul21_detail.jpg","https://drive.google.com/open?id=12OvTfOsQK2bJt_e-y1lJOrZWVm2J--qa","300 Ilmu sosial"
"PENGARUH TEMAN SEBAYA (PEER GROUP) TERHADAP IMITATION BEHAVIOR PEMBELIAN AKSESORIS PADA REMAJA","Sania Sofianita dan Harti","FE UNESA","Surabaya","-","-","./sampul/sampul22_detail.jpg","https://drive.google.com/open?id=1Z8smyt5-scSjjRpaMs4c1olMfHB5MBnv","300 Ilmu sosial"
"MATEMATIKA DAN AL QURโ€AN","Abdussakir, M.Pd","FAKULTAS SAINS DAN TEKNOLOGI UNISMA","Malang","2005","-","./sampul/sampul23_detail.jpg","https://drive.google.com/open?id=12o9v2PeRfisiZvi46npfNfk7ysFoAbeP","200 Agama"
"PEMBELAJARAN MATEMATIKA DALAM PERSPEKTIF ALQURAN","Mulin Nuโ€man","JURNAL PENDIDIKAN MATEMATIKA","-","2016","-","./sampul/sampul24_detail.jpg","https://drive.google.com/open?id=1H2ml6vOLuBrl7jG6tHB6FI57OkhGQetN","300 Ilmu sosial"
"40 Hadis Keutamaan Dzkiri dan Bedzikir","Habib Abdurrahman bin Muhammad bin Ali Al-Habsyi and DR. Ahmad Lutfi Fathullah Mughni, MA","Majelis Dzikir SBY Nurussalam","Jakarta","2008","-","./sampul/sampul25_detail.jpg","https://drive.google.com/open?id=145noWSLqRZnj2RbKUmA9fLMDs18aiFSf","200 Agama"
"50 Great Business Ideas from Indonesia Gebrakan Perusahaan-Perusahaan Indonesia yang Mendunia","M. Maโ€ruf","Hikmah (PT Mizan Publika)","Jakarta","2010","978-979-3714-64-6","./sampul/sampul26_detail.jpg","https://drive.google.com/open?id=1pm6PZ1H-MWHqULRb4muFHIWrjE5wOS49","300 Ilmu sosial"
"Pemberdayaan Pendidik dan Tenaga Kependidikan Menuju Era Disrupsi Teknologi","Dr. Wahira, M.Pd. & Dr. Ratwamati, M.Pd (editor)","Jurusan Administrasi Pendidikan FIP UNM","Makasar","2018","978-602-52158-0-3","./sampul/sampul27_detail.jpg","https://drive.google.com/open?id=1dCeZ933Yd4xrId5ER0Jn_UwcJjKDpehR","300 Ilmu sosial"
"Asian Godfathers","Joe Studwell > Penerjemah: Yanto Musthofa","PT Pustaka Alvabet","Tangerang Selatan","2015","978-602-9193-76-3","./sampul/sampul28_detail.jpg","https://drive.google.com/open?id=1QOH4NLeF7pm4rNfzJPeGEgCBRVFiIJ5N","300 Ilmu sosial"
"Bagaimana Memahami Hadis Nabi Saw","Dr. Yusuf Qardhawi > Penerjemah, Muhammad Al-Baqir","Karisma","Bandung","1993","-","./sampul/sampul29_detail.jpg","https://drive.google.com/open?id=1Ux5KBUJNrC-kCdzwsz8BhN21KeTiuyjH","200 Agama"
"Betapa Rosulullah Merindukanmu","Abdillah F. Hasan","PT Elex Media Komputindo","Jakarta","2003","978-602-0222-84-4, 98131960","./sampul/sampul30_detail.jpg","https://drive.google.com/open?id=1y5mQ2ZM5MKb71wWwkYG7faA6kEkWQbQt","200 Agama"
"BG IPS Kelas 9 Kurtilas (Revisi 2018)","Iwan Setiawan, Retno Kuning, Suciati, dan A. Mushlih","Kementerian Pendidikan dan Kebudayaan,","Jakarta","2018","978-602-282-090-1","./sampul/sampul31_detail.jpg","https://drive.google.com/open?id=1pbU9mfQjewRhhgR3bIe6V1csjI7op0Gw","000 Referensi umum"
"Book Of Philosophy","Kho Ping Hoo","Perkumpulan Teratai Hitam","Jombang","2012","-","./sampul/sampul32_detail.jpg","https://drive.google.com/open?id=1bUf7BtNm3jc_D4i0cbLxzCpSLSj2O65u","300 Ilmu sosial"
"Panduan Kerja Kepala Sekolah","Sumarna Surapranata, Ph.D (Pengantar)","Kementerian Pendidikan dan Kebudayaan","Jakarta","2017","-","./sampul/sampul33_detail.jpg","https://drive.google.com/open?id=1TkX2seNBy1jj05d0wepcTl_sL-xCdlMk","300 Ilmu sosial"
"Cara Mudah Menghafal Al-Qur'an","M. Taqiyul Islam Qori > Penerjemah: Uril Bahruddin","Gema Insani Press","Jakarta","1998","979-561-531-9","./sampul/sampul34_detail.jpg","https://drive.google.com/open?id=1vnDt5oJzSUc5jqO1I3ZGVDq0UayNx8-8","200 Agama"
"Chiefdom Madinah, Kerucut Kekuasaan pada Zaman Awal Islam","Dr. Abdul Aziz, MA","PT Pustaka Alvabet","Tangerang Selatan","2016","978-602-9193-85-5","./sampul/sampul35_detail.jpg","https://drive.google.com/open?id=1gGTNjT6tWHKn-kbxOeSBxn210poYaLwl","200 Agama"
"Dikatakan Atau Tidak Dikatakan Itu Tetap Cinta","Tere Liye","Gramedia","Jakarta","2014","978-602-03-0718-3","./sampul/sampul36_detail.jpg","https://drive.google.com/open?id=1mgtZKVwB0IHD3OOvzWwI3IVmqDcYYzsR","800 Sastra"
"Empat Esai Etika Politik","F. BUDI HARDIMAN ROBERTUS ROBET A. SETYO WIBOWO THOMAS HIDYA TJAYA","srimulyani.net","Jakarta","2011","978-6029861402","./sampul/sampul37_detail.jpg","https://drive.google.com/open?id=1GqGh6WuMa6D_3P5VwrvjgC5zLtES0I57","300 Ilmu sosial"
"FILSAFAT PENDIDIKAN ISLAM","A. HERIS HERMAWAN, M.Ag.","Dirjen Pendis Kemenag","Jakarta","2012","978-602-7774-01-8","./sampul/sampul38_detail.jpg","https://drive.google.com/open?id=1_JfsrhsDrQw4q95btyu8zS60TbdE9YeB","200 Agama"
"Filsafat Lingkungan Hidup","Dr. A. Sonny Keraf","Kanisius","Yogyakarta","2014","978-979-21-4142-9","./sampul/sampul39_detail.jpg","https://drive.google.com/open?id=1x70Aiyr6RahXVAMv9iE-ybQWyn_B1q__","100 Filsafat dan psikologi"
"Hacking Practical Guide For Beginners","Jeff Simon","-","-","2016","-","./sampul/sampul40_detail.jpg","https://drive.google.com/open?id=1cW2ZDrgQO3v_rF0FTtwwfjf8VV5yvLIW","000 Referensi umum"
"Hermeneutika Dan Tafsir Al'Quran","Adian Husaini, Abdur- rahman aI-Baghdadi;","Gema Insani Press","Jakarta","2007","978-979-077-019-5","./sampul/sampul41_detail.jpg","https://drive.google.com/open?id=1bQEA-In68fubw-BsxiSL1s8C2jLIX42b","200 Agama"
"Hidup Bukan Untuk Mati","Waddaturrahman","Qibla","Jakarta","2011","978-979-074-989-4","./sampul/sampul42_detail.jpg","https://drive.google.com/open?id=1-0NPijzMdwBnf-aPICj7vxywTNG00R5p","300 Ilmu sosial"
"Hotel Pro Deo","REMY SYLADO","KPG","Jakarta","2010","978-979-91-0256-0","./sampul/sampul43_detail.jpg","https://drive.google.com/open?id=1mO1OCjmUGFu8P8xyjS841mMITa6YZwXL","800 Sastra"
"Hukum Adat","Rosdalina","DEEPUBLISH","Yogyakarta","2017","978-602-453-516-2","./sampul/sampul44_detail.jpg","https://drive.google.com/open?id=164GzLzqd0bZfpuqJBnL1OUheehfzT5UO","300 Ilmu sosial"
"Ilmu Waris, Metode Praktis Menghitung Warisan dalam Syariat Islam (Terjemahan Tashil Al-Faraidh)","Muhammad bin Sholeh","Ash-Shaf Media","-","-","-","./sampul/sampul45_detail.jpg","https://drive.google.com/open?id=1jubzwJ4XEKdeDUlg8IR6vPaDO4Ht1qTr","200 Agama"
"Jamu Gendong Solusi Sehat Tanpa Obat","Sukini","Kementerian Pendidikan dan Kebudayaan","Jakarta","2018","978-602-437-525-6","./sampul/sampul46_detail.jpg","https://drive.google.com/open?id=1wAcWM5rzy4Peg01-6U4Vx0uxnHu2Jlr8","600 Teknologi atau Ilmu terapan"
"Raja Rokan","Sulistianti > Penyadur: Sri Sayekti","Kementerian Pendidikan dan Kebudayaan","Jakarta","2016","978-979-069-284-8","./sampul/sampul47_detail.jpg","https://drive.google.com/open?id=19-Q8jpX3-WLFrAWQyVPccvb-cRuVeGb4","800 Sastra"
"Puisi Para Hantu","Ziggy > Penyunting: Exti Budihastuti","Kementerian Pendidikan dan Kebudayaan","Jakarta","2017","978-602-50701-0-5","./sampul/sampul48_detail.jpg","https://drive.google.com/open?id=1QKLqyAanrbXU9eHt8PuLwos4c3zX0nYx","800 Sastra"
"Putri Satarina Dan Tujuh Bidadari","Diceritakan kembali oleh: Uniawati","Pusat Bahasa Kementerian Pendidikan Nasional","Jakarta","2007","978-979-6 85-638-1","./sampul/sampul49_detail.jpg","https://drive.google.com/open?id=1Xiilf_MROgJOGdXqLuxgGeVkdZgLIzmN","800 Sastra"
"Jembatan Ratapan Ibu","Zulfitra","Kementerian Pendidikan dan Kebudayaan","Jakarta","2017","978-602-437-257-6","./sampul/sampul50_detail.jpg","https://drive.google.com/open?id=1OACBP82iZcVijl98JUntnG8WOtE9pchY","800 Sastra"
"Kue Tradisional Khas Aceh","Rizki Yulita","Kementerian Pendidikan dan Kebudayaan","Jakarta","2018","978-602-437-424-2","./sampul/sampul51_detail.jpg","https://drive.google.com/open?id=1SCq14saPDUxJSTxeHC57MnCw3SStgDMI","800 Sastra"
"Kesederhanaan Rumah Adat Suku Sasak","Sudadi","Badan Pengembangan dan Pembinaan Bahasa","Jakarta","2018","978-602-437-430-3","./sampul/sampul52_detail.jpg","https://drive.google.com/open?id=1WrahHLwOagJ9ArQQ61tB0Rir7njvCX6y","800 Sastra"
"Teujat dan Tegodeq","Muhammad Shubhi","Kantor Bahasa NTB","Nusa Tenggara Barat","2018","978-602-53678-6-1","./sampul/sampul53_detail.jpg","https://drive.google.com/open?id=1lACrc_-GR8ydVt6zK4pv-zki1qvoShbx","800 Sastra"
"Ramang","Fitrawan Umar","Badan Pengembangan dan Pembinaan Bahasa","Jakarta","2018","978-602-437-501-0","./sampul/sampul54_detail.jpg","https://drive.google.com/open?id=15hTe932tf34lUJ1MduabcQqPQm6Holzt","800 Sastra"
"Tenas Effendy, Penggawa Melayu","Dessy Wahyuni","Badan Pengembangan dan Pembinaan Bahasa","Jakarta","2018","978-602-437-476-1","./sampul/sampul55_detail.jpg","https://drive.google.com/open?id=1QRK3VHGohfN9r_ohvAIjD5FJphP_cpln","800 Sastra"
"Sarudin Pemikat Burung Perkutut","Fairul Zabadi","Badan Pengembangan dan Pembinaan Bahasa","Jakarta","2016","978-979-069-209-1","./sampul/sampul56_detail.jpg","https://drive.google.com/open?id=1-kt-Rx86zyTWVBi784EYQGyXStnepJAH","800 Sastra"
"Andi Pengendang Cilik","Eko Wahyudi","Badan Pengembangan dan Pembinaan Bahasa","Jakarta","2018","978-602-437-530-0","./sampul/sampul57_detail.jpg","https://drive.google.com/open?id=1vlo5zrDgygKK5YmLUZ9z88NgTqJ_ZaLW","800 Sastra"
"Arian Dan Naya","Nasrullah","Badan Pengembangan dan Pembinaan Bahasa","Jakarta","2018","978-602-437-516-4","./sampul/sampul58_detail.jpg","https://drive.google.com/open?id=1uQWvRx8200As5IU2JqS9VC_XBYplaLOx","800 Sastra"
"Di Kotaku Dulu Ada Kereta","Zulfitra","Badan Pengembangan dan Pembinaan Bahasa","Jakarta","2018","978-602-437-440-2","./sampul/sampul59_detail.jpg","https://drive.google.com/open?id=1tLEuLQxQGQbPXDfpEWsNpiang-0D7YrW","800 Sastra"
"Sepasang Naga Di Telaga Sarangan","Tirto Suwondo","Pusat Bahasa Kementerian Pendidikan Nasional","Jakarta","2004","979-685-416-3","./sampul/sampul60_detail.jpg","https://drive.google.com/open?id=1TmnckEFlikQ6rIwiCqoG9fQxZ7koo9e4","800 Sastra"
"Putusnya Tali Persaudaraan","Erli Yetti","Badan Pengembangan dan Pembinaan Bahasa","Jakarta","2016","978-602-437-048-0","./sampul/sampul61_detail.jpg","https://drive.google.com/open?id=1eEv-YyKjKenRkEFvnYT6rNDO6WGnWL8J","800 Sastra"
"Indrasakti","Sahril","Badan Pengembangan dan Pembinaan Bahasa","Jakarta","2016","978-602-437-109-8","./sampul/sampul62_detail.jpg","https://drive.google.com/open?id=12LvWdmwA3Xw7DhMVcAKIsoGpsjzfHVvS","800 Sastra"
"Sengkalan, Angka Tahun di Balik Ungkapan Jawa","Sudadi","Kementerian Pendidikan dan Kebudayaan","Jakarta","2018","978-602-437-314-6","./sampul/sampul63_detail.jpg","https://drive.google.com/open?id=1FK6ZJyyD-d2bavpCKF_lAeYF1SFEBScm","400 Bahasa"
"Mengenal Medan Listrik (Fisika Paket C Kelas XII)","Dra. Salbiah,M.Pd","Kementerian Pendidikan dan Kebudayaan","Jakarta","2018","-","./sampul/sampul64_detail.jpg","https://drive.google.com/open?id=1khzH3HKAb5nHRd5FpYSn2gucKiedRG8_","000 Referensi umum"
"Menak Jingga","S.S.T Wisnu Sasangka","Badan Pengembangan dan Pembinaan Bahasa","Jakarta","2016","978-979-069-011-0","./sampul/sampul65_detail.jpg","https://drive.google.com/open?id=1oQKldSYy71BB0s4YkC-qmSnK6gvQ4o4Q","800 Sastra"
"Misteri Telaga Warna","Eem Suhaemi","Badan Pengembangan dan Pembinaan Bahasa","Jakarta","2016","978-6020437-04208","./sampul/sampul66_detail.jpg","https://drive.google.com/open?id=18mIcTYES7aIAoEbQHR9q0sc5VDJDIrwX","800 Sastra"
"Cerita Si Kembar Dan Makanan Fermentasi","Nur Inayah Syar","Kementerian Pendidikan dan Kebudayaan","Jakarta","2018","978-602-437-518-8","./sampul/sampul67_detail.jpg","https://drive.google.com/open?id=1VPHnQLuJy3T94nkzUvP4sut-oUjYGGk6","800 Sastra"
"HB. Jassin Perawat Sastra Indonesia","Prih Suharto","Badan Pengembangan dan Pembinaan Bahasa","Jakarta","2018","978-602-437-263-7","./sampul/sampul68_detail.jpg","https://drive.google.com/open?id=1k4VKUep2AeDxWL1_eIgpfs37aB_0fnff","900 Sejarah dan geografi"
"Kisah Bumbu Rempah Rempah","Dina Amalia Susamto","Badan Pengembangan dan Pembinaan Bahasa","Jakarta","2018","978-602-437-409-9","./sampul/sampul69_detail.jpg","https://drive.google.com/open?id=1_Rw0jZVNqQcuAN-b-3q6DZWzptHVN66g","800 Sastra"
"Putri Ringin Kuning","Eem Suhaemi","Badan Pengembangan dan Pembinaan Bahasa","Jakarta","2016","978-979-069-280-0","./sampul/sampul70_detail.jpg","https://drive.google.com/open?id=1Mv4XUbnliENgsDlH1h6XKsw1UbBp7_Xl","800 Sastra"
"Si Cantik Dan Mantri Hasut","Sastri Sunarti (Penyadur)","Badan Pengembangan dan Pembinaan Bahasa","Jakarta","2016","978-979-069-015-8","./sampul/sampul71_detail.jpg","https://drive.google.com/open?id=1Kj20yqO1bcJnYUTslnibQhRpUxpVDCVF","800 Sastra"
"Berlibur Ke Rumah Gadang","Joni Syahputra","Badan Pengembangan dan Pembinaan Bahasa","Jakarta","2018","978-602-437-491-4","./sampul/sampul72_detail.jpg","https://drive.google.com/open?id=11pIItPOSXXUc4xmtXyU161s08OacRQB-","800 Sastra"
"Sapan Didiah","Joni Syahputra","Badan Pengembangan dan Pembinaan Bahasa","Jakarta","2016","978-602-437-060-2","./sampul/sampul73_detail.jpg","https://drive.google.com/open?id=1PyE98pnsQXsiLrUoLe4Ivt5-TKaAQ8mU","800 Sastra"
"Bahan Literasi Menengah 2018","Kasman dkk.","Kantor Bahasa NTB","Makasar","2018","-","./sampul/sampul74_detail.jpg","https://drive.google.com/open?id=16qsQGL7RunyqgixngFFMgMSmpeVkVuin","400 Bahasa"
"Raden Arya Prabangkara","Saksono Prijanto","Pusat Bahasa Kementerian Pendidikan Nasional","Jakarta","2010","979-459-353-2","./sampul/sampul75_detail.jpg","https://drive.google.com/open?id=1Lxv31mZewO5zsEZvwSDQo7eftfZS6pOd","800 Sastra"
"Asal Usul Tanjung Penyusuk","Dwi Oktarina","Badan Pengembangan dan Pembinaan Bahasa","Jakarta","2016","978-602-437-055-8","./sampul/sampul76_detail.jpg","https://drive.google.com/open?id=1F8OzTdSsccKELuC67YTVrH1x2hcKzpdn","800 Sastra"
"Pak Belalang","Denda Rinjaya","Badan Pengembangan dan Pembinaan Bahasa","Jakarta","2016","978-979-069-272-5","./sampul/sampul77_detail.jpg","https://drive.google.com/open?id=1QTmdE58nKWNiXGz2CGAXitLfTgo-9iPV","800 Sastra"
"Siluman Ular","Juhriah","Badan Pengembangan dan Pembinaan Bahasa","Jakarta","2016","978-979-069-647-3","./sampul/sampul78_detail.jpg","https://drive.google.com/open?id=1YqEV9K1LH1iItv6vWnNDHVV5QVMZxSIa","800 Sastra"
"Sabeni Jawara Dari Tanah Abang","Lustantini","Badan Pengembangan dan Pembinaan Bahasa","Jakarta","2016","978-602-437-050-3","./sampul/sampul79_detail.jpg","https://drive.google.com/open?id=1jwIvvTuUQvPcJonVW7Aw9Hlwkw3aJxB6","800 Sastra"
"Indra Pitaraa Dan Siraapare","Zakiyah M. Husba","Badan Pengembangan dan Pembinaan Bahasa","Jakarta","2016","978-6020437-010-7","./sampul/sampul80_detail.jpg","https://drive.google.com/open?id=1sQTmmMs6075c_tqs199G0y13GC0gmgbN","800 Sastra"
"Legenda Putri Pucuk Bukit Kelumpang","Edwin Dwijaya","Badan Pengembangan dan Pembinaan Bahasa","Jakarta","2016","978-602-437-054-1","./sampul/sampul81_detail.jpg","https://drive.google.com/open?id=1mSXdh1_XpZLo9OXUcFwydzE36CN0iSJx","800 Sastra"
"Antologi Cerita Rakyat Pulau Ambon Dan Pulau Pulau Lease","Anna P. Soplanit dkk.","Kantor Bahasa Maluku","Jakarta","2019","978 623 7617 01 3","./sampul/sampul82_detail.jpg","https://drive.google.com/open?id=19pjN_3WurUN2KzbT2uhM5GfSeN8G7NSx","800 Sastra"
"Aku Bisa","Kayla Mubara","Pengembangan Bahasa dan Perbukuan Kementerian Pendidikan dan Kebudayaan","Jakarta","2019","978-602-437-869-1","./sampul/sampul83_detail.jpg","https://drive.google.com/open?id=1ahGg4vhW3EfSQly0t8kzPBPlN2YvZ5JT","800 Sastra"
"Blueprint Kain Tenun Tedunan Edisi 2023","KKN-PPM UGM 2023 Wedung Adiluhung ( JT-133)","-","Yogyakarta","2023","-","./sampul/sampul84_detail.jpg","https://drive.google.com/file/d/1p-9hLXSpQvrzV0L869HYBWj9t0bbpsW4/view?usp=drivesdk","600 Teknologi atau Ilmu terapan"
"Buat AI Sendiri dengan Open Source; Dari Ollama, Open WebUI, WAHA, dan n8n hingga RAG","Onno W.Purbo","Institut Teknologi Tangerang Selatan & OnnoCenter","Tangerang Selatan","2026","-","./sampul/sampul85_detail.jpg","https://drive.google.com/open?id=https://drive.google.com/file/d/1K7Cm_itM66Pc7QENrQAdv1C3zs6zwTJU/view?fbclid=IwY2xjawREN3xleHRuA2FlbQIxMABicmlkETFSbzU1SkVJUkF4Z0JxOGR3c3J0YwZhcHBfaWQQMjIyMDM5MTc4ODIwMDg5MgABHvetm-mhOtjNV7ZXxpdi-Ftgts5-YWtzWvsDoHwmwmCswUsPLNw0mmKuPZO8_aem_V4bBvr0QAB_6g3vnBU-bEg","600 Teknologi atau Ilmu terapan"
"Aqidatul Awwam","Ahmad Marzuqi al-Maliki","Menara Kudus","Kudus","-","-","./sampul/sampul86_detail.jpg","https://drive.google.com/file/d/1DYQstr8N_COQvXAhlCj8jQ6KxNKs_2fX/view?usp=drivesdk","200 Agama"
"Jawahirul Kalamiyah","Thahir bin Shalih al-Jazairi","-","-","-","-","./sampul/sampul87_detail.jpg","https://drive.google.com/file/d/1s0YFsynjaCiCD6pRwKsZ09CKPjnAaISN/view?usp=drivesdk","200 Agama"
"Nurud Dholam","Abu Abdillah Muhammad bin Yusuf as-Sanusi","-","-","-","-","./sampul/sampul88_detail.jpg","https://drive.google.com/file/d/1RdeXN6GSRXUG3kHawAyt9XcEUnlyMGbp/view?usp=drivesdk","200 Agama"
"Tijanud Durori","Ibrahim al-Bajuri","-","-","-","-","./sampul/sampul89_detail.jpg","https://drive.google.com/file/d/1U6olLxQSKhz3WuxXly8YFjNERODxdk1p/view?usp=drivesdk","200 Agama"
"Tijanud Durori (Versi 2)","Ibrahim al-Bajuri","-","-","-","-","./sampul/sampul90_detail.jpg","https://drive.google.com/file/d/1JbBa3PrfUI-g_Q0JaMKGrQ7pBNW6XDtE/view?usp=drivesdk","200 Agama"
"Fathul Majid","Syekh Muhammad Nawawi","-","-","-","-","./sampul/sampul91_detail.jpg","https://drive.google.com/file/d/1y9_eJS_EyJIb9OLok71mNiPuCjqSvGh6/view?usp=drivesdk","200 Agama"
"Sanusiyah","Muhammad bin Yusuf as-Sanusi","-","-","-","-","./sampul/sampul92_detail.jpg","https://drive.google.com/file/d/1itLNlhWrwE5klJrn_bNlqzJ2ezp-KfRJ/view?usp=drivesdk","200 Agama"
"Tuhfatul Asfiyak","Abdul Jalil Hamid","Thoha Putra","Semarang","1963","-","./sampul/sampul93_detail.jpg","https://drive.google.com/file/d/1X65-Fenu5RY8u5Sf4tTmRAw5ULrqahO4/view?usp=drivesdk","200 Agama"
"Kifayatul Atqiya","Abu Bakr al-Dimyathi","-","-","-","-","./sampul/sampul94_detail.jpg","https://drive.google.com/file/d/1k5oGJFFLiWe97XuxXsxocwvL7JGRAxei/view?usp=drivesdk","200 Agama"
"Bidayatul Hidayah","Abu Hamid al-Ghazali","-","-","-","-","./sampul/sampul95_detail.jpg","https://drive.google.com/file/d/1TASpqF3_Rw2a5MM5O5oneDI0EbpOFt1L/view?usp=drivesdk","200 Agama"
"Lujainid Dani Fi Manaqib Syekh Abdul Qodir Jailani","Abu Muhammad Sholih","-","-","-","-","./sampul/sampul96_detail.jpg","https://drive.google.com/file/d/1DUneL_zi8Y6YVpiyGkG2QlaWyHVEEW2A/view?usp=drivesdk","200 Agama"
"Matan Hikam","Ibnu Athaillah as-Sakandari","-","-","-","-","./sampul/sampul97_detail.jpg","https://drive.google.com/file/d/1ktp1MLkMO98vxYQPMZTxB9lqYw4GbQ_f/view?usp=drivesdk","200 Agama"
"Tazkiyatun Nufus","Ibnu Qayyim al-Jauziyah","-","-","-","-","./sampul/sampul98_detail.jpg","https://drive.google.com/file/d/1GZot5UbCQrDd191ypyAheNLmSrAOJBM6/view?usp=drivesdk","200 Agama"
"Fasholatan","Muhammad Asnawi","Menara Kudus","Kudus","-","-","./sampul/sampul99_detail.jpg","https://drive.google.com/file/d/1TrOOosVNif6zySS4m0yPhY2MaqtQzX7o/view?usp=drivesdk","200 Agama"
"Safinatun Naja","Salim bin Sumair al-Hadrami","-","-","-","-","./sampul/sampul100_detail.jpg","https://drive.google.com/file/d/1kvive9YFsDal2pf4cO9nwiFQakywJU3-/view?usp=drivesdk","200 Agama"
"Sulamul Munajah","Muhammad Nawawi","-","-","-","-","./sampul/sampul101_detail.jpg","https://drive.google.com/file/d/1yRCY1T-k-FwmGwPg6lJwup9pA8wV2S7j/view?usp=drivesdk","200 Agama"
"Safinatun Najah dan Sulamut Taufiq","Salim bin Sumair al-Hadrami","-","-","-","-","./sampul/sampul102_detail.jpg","https://drive.google.com/file/d/1JJUsoDLvdmqFW76cIhOGYpYPk5dYPVZh/view?usp=drivesdk","200 Agama"
"Bahjatul Wasail","Muhammad Nawawi","Al Hidayah","Surabaya","-","-","./sampul/sampul103_detail.jpg","https://drive.google.com/file/d/1_iArX56Ag2Q4IHAgAICyQfQPIFg2LtyI/view?usp=drivesdk","200 Agama"
"Fathul Qorib","Ibnu Qasim al-Ghazi","-","-","-","-","./sampul/sampul104_detail.jpg","https://drive.google.com/file/d/1hrmoLfTv01eAb2XYm-ipBvqkJl8jp5In/view?usp=drivesdk","200 Agama"
"At Tahrir","Zakariya al-Ansari","-","-","-","-","./sampul/sampul105_detail.jpg","https://drive.google.com/file/d/1Ah-7uFXFyK7bt1sjBQvzXl3JkmdUx1ej/view?usp=drivesdk","200 Agama"
"Fathul Mu'in","Zainuddin al-Malibari","-","-","-","-","./sampul/sampul106_detail.jpg","https://drive.google.com/file/d/1Q7UnhX0YboKMbapeO9eXNxBFAmY3RKld/view?usp=drivesdk","200 Agama"
"Riyadhul Badi'ah","-","-","-","-","-","./sampul/sampul107_detail.jpg","https://drive.google.com/file/d/13EWzLO7ii7PPw0Xkec27gGVpC2vm1sBq/view?usp=drivesdk","200 Agama"
"Hasiyah Ad Dimyathi Ala Syarhil Waraqat","Syaikh Ahmad bin Muhammad ad-Dimyathi","-","-","-","-","./sampul/sampul108_detail.jpg","https://drive.google.com/file/d/1Gz4VhBs0ZrIJkrbngU10z27EFin84xBn/view?usp=drivesdk","200 Agama"
"Al Wazij","Abu Hamid al-Ghazali","-","-","-","-","./sampul/sampul109_detail.jpg","https://drive.google.com/file/d/1-g1Q42JpdDKBi9CyyLm7ceLIEnWcQ6qm/view?usp=drivesdk","200 Agama"
"Alala","-","Maktabah Muhammad bin Ahmad Nabahan Wa Auladuh","Surabaya","-","-","./sampul/sampul110_detail.jpg","https://drive.google.com/file/d/1zjfACd3vrmD47VCN12Q5OnQFFc0hNd1Q/view?usp=drivesdk","200 Agama"
"Jawahirul Adab","Muhammad Zubairi Bin Zain","Al Ihsan","Surabaya","-","-","./sampul/sampul111_detail.jpg","https://drive.google.com/file/d/1S2R348KhdWb7V0Evar5qfK1u_hl2w8DP/view?usp=drivesdk","200 Agama"
"Taisirul Kholaq","Hafidz Hasan al-Mas'udi","-","-","-","-","./sampul/sampul112_detail.jpg","https://drive.google.com/file/d/1R4XEXeOJ5XFGdfW-MLGM-omO7UvvfJP0/view?usp=drivesdk","200 Agama"
"Washoya","Muhammad Syakir","-","-","-","-","./sampul/sampul113_detail.jpg","https://drive.google.com/file/d/1qXYPEE2tvzLPzfBcLmgDdBCkkkpN4Ws2/view?usp=drivesdk","200 Agama"
"Ta'lim Muta'allim","Burhanuddin az-Zarnuji","-","-","-","-","./sampul/sampul114_detail.jpg","https://drive.google.com/file/d/1CVz1QkRfbaFev3hRyDgwJC2idZFyGDLM/view?usp=drivesdk","200 Agama"
"Tanbihul Muta'allim","K.H. Ahmad Maisur Sindi Al-Thursidi","Toha Putra","Semarang","-","-","./sampul/sampul115_detail.jpg","https://drive.google.com/file/d/1N53mWn7IhVKMxhG6MkphgrVxW1Lj_Yjr/view?usp=drivesdk","200 Agama"
"Akhlaq Lil Banin 2","Umar bin Ahmad Baraja","-","-","-","-","./sampul/sampul116_detail.jpg","https://drive.google.com/file/d/1n2t3tKrpxjnscuetPm4G9rb8Myi96glK/view?usp=drivesdk","200 Agama"
"Akhlaq Lil Banat 1","Umar bin Ahmad Baraja","-","-","-","-","./sampul/sampul117_detail.jpg","https://drive.google.com/file/d/1Klb17dNmF7qkzC-p7Ahck2EW5229bz2K/view?usp=drivesdk","200 Agama"
"Juz Amma Turutan Klopo","-","-","-","-","-","./sampul/sampul118_detail.jpg","https://drive.google.com/file/d/12FTQ6-rJpQxXx2KXp7GqoY22q-yzRF7s/view?usp=drivesdk","200 Agama"
"Sabilut Thullab","Ahmad bin Umar asy-Syathiri","-","-","-","-","./sampul/sampul119_detail.jpg","https://drive.google.com/file/d/121rM66u9JLo7HUGzS855QFZgWTgSsjvS/view?usp=drivesdk","200 Agama"
"Tanwirul Qori'","Muhammad Nawawi al-Bantani","-","-","-","-","./sampul/sampul120_detail.jpg","https://drive.google.com/file/d/1lUcxqjFqoUoiBZCHTFYl0CtWn7TxlBzo/view?usp=drivesdk","200 Agama"
"Syifaul Jinan Fi Tarjamah HIdayatus Shibyan","Ahmad Muthohar","-","-","-","-","./sampul/sampul121_detail.jpg","https://drive.google.com/file/d/1LvUUEEIlbBy-yrdAWXU_V5WMEtySQrFA/view?usp=drivesdk","200 Agama"
"Tuhfatul Athfal","Sulaiman al-Jamzuri","Al-Ashriyah","Surabaya","-","-","./sampul/sampul122_detail.jpg","https://drive.google.com/file/d/1SWqlR_ejEury8IIA2eZz_ACQfC1Rqaln/view?usp=drivesdk","200 Agama"
"Bimbingan Belajar Membaca Al Quran Tarsana Jilid 1-2","H. Syamsuddin Mustaqim","-","-","2005","-","./sampul/sampul123_detail.jpg","https://drive.google.com/file/d/1GeN_FWHnMRydMn-B7BUY6TUdhEMSP7_q/view?usp=drivesdk","200 Agama"
"Risalatul Qurro wal Huffadz","-","-","-","-","-","./sampul/sampul124_detail.jpg","https://drive.google.com/file/d/1pJBKytVR-becNC4Owycd_UYQwo35P2lD/view?usp=drivesdk","200 Agama"
"Tajwid Praktis","-","-","-","-","-","./sampul/sampul125_detail.jpg","https://drive.google.com/file/d/1U8VOdTOTZmB4wS9sWn_5JxRLpnKzGnzw/view?usp=drivesdk","200 Agama"
"Standar Tajwid Lirboyo","-","-","-","-","-","./sampul/sampul126_detail.jpg","https://drive.google.com/file/d/1-d6KGtNsOZf6CM92o4jNlGybL9mO0L2q/view?usp=drivesdk","200 Agama"
"Hiyatut Tilawah","-","-","-","-","-","./sampul/sampul127_detail.jpg","https://drive.google.com/file/d/1rj4RoBvYBUf5noWgC0tlJ2-pw608aOxr/view?usp=drivesdk","200 Agama"
"Risalatut Tartil","-","-","-","-","-","./sampul/sampul128_detail.jpg","https://drive.google.com/file/d/1OJuqG22FnyPnnYaMigJnsj2qRxkdvj4s/view?usp=drivesdk","200 Agama"
"Syurbatu Dhoman","-","-","-","-","-","./sampul/sampul129_detail.jpg","https://drive.google.com/file/d/1vT5-SwPpR9CUc4ighQEY3Q4vzLHqPH52/view?usp=drivesdk","200 Agama"
"Ulum Al-Qur'an","-","-","-","-","-","./sampul/sampul130_detail.jpg","https://drive.google.com/file/d/1nIyde_smxzIYPPgj2P_bw3Ip2t3SmL3e/view?usp=drivesdk","200 Agama"
"Keutamaan Membaca dan Mengkaji Al-Qur'an","-","-","-","-","-","./sampul/sampul131_detail.jpg","https://drive.google.com/file/d/1QrlprFI_gKPhc9Lq9orua0DVTNUt01VW/view?usp=drivesdk","200 Agama"
"Roksun Sirah Kuning","-","-","-","-","-","./sampul/sampul132_detail.jpg","https://drive.google.com/file/d/1hcBTKD5f86Ff6WH1CWLgoDg1-GXgF-fJ/view?usp=drivesdk","200 Agama"
"Risalah As Salafiyah","-","-","-","-","-","./sampul/sampul133_detail.jpg","https://drive.google.com/file/d/1WORnY-U7cgkJC1tm-LLZSTMbd2TwIc7K/view?usp=drivesdk","200 Agama"
"Jurumiyah Nadham","Ibnu Ajurrum","-","-","-","-","./sampul/sampul134_detail.jpg","https://drive.google.com/file/d/1Esb8A0em53poaTFqDL8leDBzqkSa-ays/view?usp=drivesdk","200 Agama"
"Kifayatul Ashab","-","-","-","-","-","./sampul/sampul135_detail.jpg","https://drive.google.com/file/d/1AY23addlLK7vL2Xb9Uy_175pTAwB7bov/view?usp=drivesdk","200 Agama"
"AI Outline Coding dan AI SD_MI","Onno W. Purbo, dkk.","ITTS","Tangerang Selatan","2025","-","./sampul/sampul136_detail.jpg","https://drive.google.com/file/d/1xCcKSoehPA1j4kgPMrTJYFUoTuyPoMd4/view?usp=drivesdk","600 Teknologi atau Ilmu terapan"
"AI Outline semua AI SMP dan SMA","Onno W. Purbo, dkk.","ITTS","Tangerang Selatan","2025","-","./sampul/sampul137_detail.jpg","https://drive.google.com/file/d/1QvIaZIxMpNocZDQzz6e9rO1d3pUDEDC5/view?usp=drivesdk","600 Teknologi atau Ilmu terapan"
"AI SD-MI Kelas 5 Semester 1","Onno W. Purbo, dkk.","ITTS","Tangerang Selatan","2025","-","./sampul/sampul138_detail.jpg","https://drive.google.com/file/d/1nyFmel2vfGWb5dc4PI-aEoXeMYVWsRhP/view?usp=drivesdk","600 Teknologi atau Ilmu terapan"
"AI SD-MI Kelas 5 Semester 2","Onno W. Purbo, dkk.","ITTS","Tangerang Selatan","2025","-","./sampul/sampul139_detail.jpg","https://drive.google.com/file/d/1j4UXtaYrcbGuYhSDCCf93Lbyt3VTuc3Y/view?usp=drivesdk","600 Teknologi atau Ilmu terapan"
"AI SD-MI Kelas 6 Semester 1","Onno W. Purbo, dkk.","ITTS","Tangerang Selatan","2025","-","./sampul/sampul140_detail.jpg","https://drive.google.com/file/d/1aCKwxijuUmqXK93kVyRE1Kjazp2hf5zD/view?usp=drivesdk","600 Teknologi atau Ilmu terapan"
"AI SD-MI Kelas 6 Semester 2","Onno W. Purbo, dkk.","ITTS","Tangerang Selatan","2025","-","./sampul/sampul141_detail.jpg","https://drive.google.com/file/d/1ty6uo0yFjjy_0tbQKcyKT8vhQ8wTLxrx/view?usp=drivesdk","600 Teknologi atau Ilmu terapan"
"AI SMA Kelas 10 Semester 1","Onno W. Purbo, dkk.","ITTS","Tangerang Selatan","2025","-","./sampul/sampul142_detail.jpg","https://drive.google.com/file/d/18YrQClci4eedm3FSOoyT0X__R9VE5zNL/view?usp=drivesdk","600 Teknologi atau Ilmu terapan"
"AI SMA Kelas 10 Semester 1","Onno W. Purbo, dkk.","ITTS","Tangerang Selatan","2025","-","./sampul/sampul143_detail.jpg","https://drive.google.com/file/d/1RdmjCT42PbAwqYfXUZhZ1RNAsIBgbMD5/view?usp=drivesdk","600 Teknologi atau Ilmu terapan"
"AI SMA Kelas 10 Semester 2","Onno W. Purbo, dkk.","ITTS","Tangerang Selatan","2025","-","./sampul/sampul144_detail.jpg","https://drive.google.com/file/d/1IJFvE3kPaFPQzkG_JzZCA2Egkrkk1SP8/view?usp=drivesdk","600 Teknologi atau Ilmu terapan"
"AI SMA Kelas 11 Semester 1","Onno W. Purbo, dkk.","ITTS","Tangerang Selatan","2025","-","./sampul/sampul145_detail.jpg","https://drive.google.com/file/d/144_Bat3f2iRPhLDL3xerfDIn1CJNg-ne/view?usp=drivesdk","600 Teknologi atau Ilmu terapan"
"AI SMA Kelas 11 Semester 2","Onno W. Purbo, dkk.","ITTS","Tangerang Selatan","2025","-","./sampul/sampul146_detail.jpg","https://drive.google.com/file/d/1_CLFAEC_0aw3oJg27XbW1kHf-MNErVLM/view?usp=drivesdk","600 Teknologi atau Ilmu terapan"
"AI SMA Kelas 12 Semester 1","Onno W. Purbo, dkk.","ITTS","Tangerang Selatan","2025","-","./sampul/sampul147_detail.jpg","https://drive.google.com/file/d/16HOOEFi7NS-stNyYJgaZHVO2gyFDE0Pf/view?usp=drivesdk","600 Teknologi atau Ilmu terapan"
"AI SMA Kelas 12 Semester 2","Onno W. Purbo, dkk.","ITTS","Tangerang Selatan","2025","-","./sampul/sampul148_detail.jpg","https://drive.google.com/file/d/1NJAKleOYFRSIj9ZTx6KBh4tpZDFTbyK1/view?usp=drivesdk","600 Teknologi atau Ilmu terapan"
"AI SMK Kelas 10 Semester 1","Onno W. Purbo, dkk.","ITTS","Tangerang Selatan","2025","-","./sampul/sampul149_detail.jpg","https://drive.google.com/file/d/1b2naM8x7CsHSYUDHTSDrAhUDAQycU_8K/view?usp=drivesdk","600 Teknologi atau Ilmu terapan"
"AI SMK Kelas 10 Semester 2","Onno W. Purbo, dkk.","ITTS","Tangerang Selatan","2025","-","./sampul/sampul150_detail.jpg","https://drive.google.com/file/d/1qkHj-jxzFEkzDqIWm0G7P36unTTrGyCk/view?usp=drivesdk","600 Teknologi atau Ilmu terapan"
"AI SMK Kelas 11 Semester 1","Onno W. Purbo, dkk.","ITTS","Tangerang Selatan","2025","-","./sampul/sampul151_detail.jpg","https://drive.google.com/file/d/1LGR3tQPmmK2v_gOFXNDjYEp9u9_kg6NJ/view?usp=drivesdk","600 Teknologi atau Ilmu terapan"
"AI SMK Kelas 11 Semester 2","Onno W. Purbo, dkk.","ITTS","Tangerang Selatan","2025","-","./sampul/sampul152_detail.jpg","https://drive.google.com/file/d/1Airkl82Ehu6g_bFWlew2hwJq4Q5_9lhe/view?usp=drivesdk","600 Teknologi atau Ilmu terapan"
"AI SMK Kelas 12 Semester 1","Onno W. Purbo, dkk.","ITTS","Tangerang Selatan","2025","-","./sampul/sampul153_detail.jpg","https://drive.google.com/file/d/1rDtA239C-LLdNdryMYc3u1VF2Y3J5Au4/view?usp=drivesdk","600 Teknologi atau Ilmu terapan"
"AI SMK Kelas 12 Semester 2","Onno W. Purbo, dkk.","ITTS","Tangerang Selatan","2025","-","./sampul/sampul154_detail.jpg","https://drive.google.com/file/d/1jeNqwFyb32FJIjhfDVTx65A3_zUQ6AV1/view?usp=drivesdk","600 Teknologi atau Ilmu terapan"
"AI SMP Kelas 7 Semester 1","Onno W. Purbo, dkk.","ITTS","Tangerang Selatan","2025","-","./sampul/sampul155_detail.jpg","https://drive.google.com/file/d/1KMvhS9DvjPPPDHGX04jpgMoxSB016jBw/view?usp=drivesdk","600 Teknologi atau Ilmu terapan"
"AI SMP Kelas 7 Semester 2","Onno W. Purbo, dkk.","ITTS","Tangerang Selatan","2025","-","./sampul/sampul156_detail.jpg","https://drive.google.com/file/d/1HIsa00ME5GCtX4QdIs3c-4s0vW83TH3H/view?usp=drivesdk","600 Teknologi atau Ilmu terapan"
"AI SMP Kelas 8 Semester 1","Onno W. Purbo, dkk.","ITTS","Tangerang Selatan","2025","-","./sampul/sampul157_detail.jpg","https://drive.google.com/file/d/1ZmADryXc-5GPQXC1ErrY5HN7D-laIueh/view?usp=drivesdk","600 Teknologi atau Ilmu terapan"
"AI SMP Kelas 8 Semester 2","Onno W. Purbo, dkk.","ITTS","Tangerang Selatan","2025","-","./sampul/sampul158_detail.jpg","https://drive.google.com/file/d/1uAQLt0BlXo1IYxu-XheOjhAMgzg1eq-6/view?usp=drivesdk","600 Teknologi atau Ilmu terapan"
"AI SMP Kelas 9 Semester 1","Onno W. Purbo, dkk.","ITTS","Tangerang Selatan","2025","-","./sampul/sampul159_detail.jpg","https://drive.google.com/file/d/1nOxo8lRC7AKOkAXJiXFmx7F2Y7hYm2G7/view?usp=drivesdk","600 Teknologi atau Ilmu terapan"
"AI SMP Kelas 9 Semester 2","Onno W. Purbo, dkk.","ITTS","Tangerang Selatan","2025","-","./sampul/sampul160_detail.jpg","https://drive.google.com/file/d/1d8wSeSqX6jqDGZ5eDx1tVKMV_bZYQLTk/view?usp=drivesdk","600 Teknologi atau Ilmu terapan"
"Mengadopsi AI di Kelas","Onno W. Purbo, dkk.","ITTS","Tangerang Selatan","2024","-","./sampul/sampul161_detail.jpg","https://drive.google.com/file/d/1NdUKNlE_6_3SDg_W3a5T-GwqRVB87REk/view?usp=drivesdk","600 Teknologi atau Ilmu terapan"
"Pegangan AI untuk Guru TK SD SMP SMA SMK","Onno W. Purbo, dkk.","ITTS","Tangerang Selatan","2025","-","./sampul/sampul162_detail.jpg","https://drive.google.com/file/d/1QEekHck8-j8f6WHZeBBw7xVS91IBfVPA/view?usp=drivesdk","600 Teknologi atau Ilmu terapan"
"Pegangan AI untuk Guru TK SD SMP SMA SMK","Onno W. Purbo, dkk.","ITTS","Tangerang Selatan","2025","-","./sampul/sampul163_detail.jpg","https://drive.google.com/file/d/1cbIwqqGp3xGYZhFN92bEV6G1q2abOS6C/view?usp=drivesdk","600 Teknologi atau Ilmu terapan"
"ws-commands","-","-","-","-","-","./sampul/sampul164_detail.jpg","https://drive.google.com/file/d/19_z1pcWJmkVoZsiU_S9q2URVx-yugPKe/view?usp=drivesdk","600 Teknologi atau Ilmu terapan"
"Winnie the Pooh","A. A. Milne","Methuen","London","1926","-","./sampul/sampul165_detail.jpg","https://drive.google.com/file/d/1TVr40yH2XN-ODFHc4Ji8wV86BwgC1mWl/view?usp=drivesdk","800 Sastra"
"When Love Is Not Enough","Mark Epstein","Penguin","New York","2013","-","./sampul/sampul166_detail.jpg","https://drive.google.com/file/d/1ok50UopGnOTUi0NDvFoPcNKT_782VfTq/view?usp=drivesdk","100 Filsafat dan psikologi"
"Wajah Buruk Cinta","Tere Liye","Republika","Jakarta","2005","-","./sampul/sampul167_detail.jpg","https://drive.google.com/file/d/1hJp8VykGe4k7zsuO2LxS0cByny0VRdYs/view?usp=drivesdk","800 Sastra"
"Unsent Letter","-","-","-","-","-","./sampul/sampul168_detail.jpg","https://drive.google.com/file/d/1F8HcIWNJTEdEFVeKxAlAkXwZw7BHGAtb/view?usp=drivesdk","800 Sastra"
"Umpan Iblis","-","-","-","-","-","./sampul/sampul169_detail.jpg","https://drive.google.com/file/d/11ICi2Q_M_5VlwXPSdRyMp96DG5aL1WET/view?usp=drivesdk","800 Sastra"
"TransferResponse","-","-","-","-","-","./sampul/sampul170_detail.jpg","https://drive.google.com/file/d/1l4w-DHCjexwPSVa29ZUxyy0ugUTUkzMl/view?usp=drivesdk","600 Teknologi atau Ilmu terapan"
"Titik Nol","Agustinus Wibowo","Gramedia","Jakarta","2013","-","./sampul/sampul171_detail.jpg","https://drive.google.com/file/d/1HZ6dDp9ZQaAvWxOS5mwHIRp9Dm0yM8iM/view?usp=drivesdk","900 Sejarah dan geografi"
"The World Until Yesterday","Jared Diamond","Viking Press","New York","2012","-","./sampul/sampul172_detail.jpg","https://drive.google.com/file/d/1pPNg9T1kVPm64f3O3-zHfVnuCg1dhgSW/view?usp=drivesdk","900 Sejarah dan geografi"
"The Trial","Franz Kafka","Verlag Die Schmiede","Berlin","1925","-","./sampul/sampul173_detail.jpg","https://drive.google.com/file/d/1INoJTh8zJTTfaKL6J3YmgvmpQunXmN-t/view?usp=drivesdk","800 Sastra"
"The Phenomenon of Man","Pierre Teilhard de Chardin","Harper & Row","New York","1955","-","./sampul/sampul174_detail.jpg","https://drive.google.com/file/d/1k8BUZmXVReJ1PnpWfGkX6fotXYimcPaf/view?usp=drivesdk","100 Filsafat dan psikologi"
"The Naked Traveler 1","Trinity","GagasMedia","Jakarta","2011","-","./sampul/sampul175_detail.jpg","https://drive.google.com/file/d/10v6WynowKT7N4P_ylPcPwOVcS0uz5C3e/view?usp=drivesdk","900 Sejarah dan geografi"
"The Jacatra Secret","Rizki Ridyasmara","Ufuk Press","Jakarta","2008","-","./sampul/sampul176_detail.jpg","https://drive.google.com/file/d/1gWp6SnhHhaC0SMJ1r4FB2qPHkVTCZ_9y/view?usp=drivesdk","800 Sastra"
"The Hunger Games","Suzanne Collins","Scholastic Press","New York","2008","-","./sampul/sampul177_detail.jpg","https://drive.google.com/file/d/1UCYfndk0SgSsUtBYM6M8mCI1B7yyYAXS/view?usp=drivesdk","800 Sastra"
"Terpesona di Sidratul Muntaha","Habiburrahman El Shirazy","Republika","Jakarta","2010","-","./sampul/sampul178_detail.jpg","https://drive.google.com/file/d/1bhLeUQGVOPwf641xVO382RBX63W1wLpO/view?usp=drivesdk","200 Agama"
"The Falling Leaf Never Hates the Wind","Tere Liye","Gramedia","Jakarta","2010","-","./sampul/sampul179_detail.jpg","https://drive.google.com/file/d/1RT88b6w3oiTxsEaIpwLxK9-wtWQgY6Uh/view?usp=drivesdk","800 Sastra"
"Terapi Musik","Djohan","Galangpress","Yogyakarta","2006","-","./sampul/sampul180_detail.jpg","https://drive.google.com/file/d/1WufYa5lcFmIMv6BOHJzLpfpxMFGQWBty/view?usp=drivesdk","100 Filsafat dan psikologi"
"Teori Sentimen Moral","Adam Smith","-","-","1759","-","./sampul/sampul181_detail.jpg","https://drive.google.com/file/d/1rfzpL7XhD91tIa13g59bL6rB88ndf99i/view?usp=drivesdk","100 Filsafat dan psikologi"
"Teologi Pembebasan","Gustavo Gutiรฉrrez","Orbis Books","New York","1971","-","./sampul/sampul182_detail.jpg","https://drive.google.com/file/d/1XdS7TqfwYyp-QLj6bHVGT58AM76wCNFm/view?usp=drivesdk","200 Agama"
"Tempat-Tempat Terang","-","-","-","-","-","./sampul/sampul183_detail.jpg","https://drive.google.com/file/d/1JE0r-GCFLvUT6Zx-K6BjTjOM0S0IoBN7/view?usp=drivesdk","800 Sastra"
"Teknik Fondasi 1","-","-","-","-","-","./sampul/sampul184_detail.jpg","https://drive.google.com/file/d/1D22cAYOvG-QQ9C9XidUTvZWJ82dsr6OM/view?usp=drivesdk","600 Teknologi atau Ilmu terapan"
"Tafsir Kontemporer","M. Quraish Shihab","Lentera Hati","Jakarta","2000","-","./sampul/sampul185_detail.jpg","https://drive.google.com/file/d/1Mg1ejtwJS-2O4QN1dhw8d_6uw5gaoknT/view?usp=drivesdk","200 Agama"
"Studi Filsafat 1","-","-","-","-","-","./sampul/sampul186_detail.jpg","https://drive.google.com/file/d/1MvN-46MAeOXOIWGbXcvXmTRUcNrrqxSn/view?usp=drivesdk","100 Filsafat dan psikologi"
"Studi Agama di Indonesia","-","-","-","-","-","./sampul/sampul187_detail.jpg","https://drive.google.com/file/d/1BbM-eGNtlpxtKH24EPDOD2LamyeHTtHz/view?usp=drivesdk","200 Agama"
"Start Up Mindset","-","-","-","-","-","./sampul/sampul188_detail.jpg","https://drive.google.com/file/d/1vNbs_V222yxTqFxlyoC1BDF42Hbnb-TJ/view?usp=drivesdk","300 Ilmu sosial"
"Spring Hibernate Data Modeling Java","-","-","-","-","-","./sampul/sampul189_detail.jpg","https://drive.google.com/file/d/1Cdec4d-kEMj6FaJ1hECqH2J4UoscLXc4/view?usp=drivesdk","600 Teknologi atau Ilmu terapan"
"Sosiologi Pendidikan (Teori dan Aplikasinya)","S. Nasution","Bumi Aksara","Jakarta","2010","-","./sampul/sampul190_detail.jpg","https://drive.google.com/file/d/19q55-7W6t-JclWhkNYn-vM-opvJ3wxQX/view?usp=drivesdk","300 Ilmu sosial"
"Sosiologi Pendidikan","-","-","-","-","-","./sampul/sampul191_detail.jpg","https://drive.google.com/file/d/1mwjohYVwYqsnhAIS1sShfDCQxC0k627b/view?usp=drivesdk","300 Ilmu sosial"
"Sosiologi dan Antropologi Pendidikan","-","-","-","-","-","./sampul/sampul192_detail.jpg","https://drive.google.com/file/d/1qd03hI0ES90U57ScCil_K34Kt9-YOsuu/view?usp=drivesdk","300 Ilmu sosial"
"Sorotan Total Ulama Salaf","-","-","-","-","-","./sampul/sampul193_detail.jpg","https://drive.google.com/file/d/1yICVSkm-8ee23D0WCO77Ewn1kSJI2XBq/view?usp=drivesdk","200 Agama"
"SOP Proktor Teknisi","-","-","-","-","-","./sampul/sampul194_detail.jpg","https://drive.google.com/file/d/1UYQjotrsp6Xp3JkGUc8Vdn-iROwgMKu0/view?usp=drivesdk","000 Referensi umum"
"Soal UTN Plus Kunci","-","-","-","-","-","./sampul/sampul195_detail.jpg","https://drive.google.com/file/d/1FqRW0U9VRQZT8oUOepYD0KtOKYdxZMIW/view?usp=drivesdk","300 Ilmu sosial"
"Sisi Kelam Praktik Politik dan Kekuasaan","-","-","-","-","-","./sampul/sampul196_detail.jpg","https://drive.google.com/file/d/189QiDs2z_j2d-DR_qBUDAmy8qh4R6LBO/view?usp=drivesdk","300 Ilmu sosial"
"Singkong Terbang 18","-","-","-","-","-","./sampul/sampul197_detail.jpg","https://drive.google.com/file/d/1yfzTIbCq4XI3y0IwinWEVkWap1SqyLOb/view?usp=drivesdk","800 Sastra"
"Singa Betina Bangkit","-","-","-","-","-","./sampul/sampul198_detail.jpg","https://drive.google.com/file/d/16lNHeZhZcl7fmhfhrjiDyExjJJKZrpv6/view?usp=drivesdk","800 Sastra"
"Sherlock Holmes Koleksi 1","Arthur Conan Doyle","-","London","1892","-","./sampul/sampul199_detail.jpg","https://drive.google.com/file/d/1WS1evU7ELXL0YRwd7O0DaDerd7k4OeN7/view?usp=drivesdk","800 Sastra"
"Seasons to Remember","-","-","-","-","-","./sampul/sampul200_detail.jpg","https://drive.google.com/file/d/1o0dYIfVlOdzA31xa5KrPkPuVAI-uRtMB/view?usp=drivesdk","800 Sastra"
"Sang Wali","-","-","-","-","-","./sampul/sampul201_detail.jpg","https://drive.google.com/file/d/1XdWJGcZOvfkGPoC-aBUnReNNR3lHt8La/view?usp=drivesdk","200 Agama"
"Sains dan Teknologi dalam Al-Qurโ€an","-","-","-","-","-","./sampul/sampul202_detail.jpg","https://drive.google.com/file/d/1pUg7y4BIYTxBco3foKYijzD4qdXailqJ/view?usp=drivesdk","200 Agama"
"Saat-saat Terakhir Bersama Soeharto","-","-","-","-","-","./sampul/sampul203_detail.jpg","https://drive.google.com/file/d/1o2fDDmALF2gcNh7o18iRTJAATBSDPMrB/view?usp=drivesdk","900 Sejarah dan geografi"
"Saat-saat Penuh Inspirasi","-","-","-","-","-","./sampul/sampul204_detail.jpg","https://drive.google.com/file/d/1V2qxnH_91I1P_aLFq3tgSL9eB0bdbRIq/view?usp=drivesdk","000 Referensi umum"
"Rudy Habibie","Gina S. Noer","Bentang Pustaka","Yogyakarta","2015","-","./sampul/sampul205_detail.jpg","https://drive.google.com/file/d/1JgSvb7V4Fdl8qbvq9zNCSWZKDeUN7ehQ/view?usp=drivesdk","900 Sejarah dan geografi"
"Resensi","-","-","-","-","-","./sampul/sampul206_detail.jpg","https://drive.google.com/file/d/1sZbC6NOrjwcGHgr8cQMX9F4OA7ndoqPB/view?usp=drivesdk","000 Referensi umum"
"Rencana Usaha","-","-","-","-","-","./sampul/sampul207_detail.jpg","https://drive.google.com/file/d/102Pd-xSca1g8Z2X5cQoCFbO_SHpeLjLn/view?usp=drivesdk","300 Ilmu sosial"
"Rekonstruksi Sejarah Al-Qur'an","-","-","-","-","-","./sampul/sampul208_detail.jpg","https://drive.google.com/file/d/1MocmOOY7Dtehxik_haMKeNGvjH8xv9e-/view?usp=drivesdk","200 Agama"
"Rangkuman Soal Pedagogik","-","-","-","-","-","./sampul/sampul209_detail.jpg","https://drive.google.com/file/d/1ImUN7IKEdVWvox5kZP-Jm4wR3PzTyxQz/view?usp=drivesdk","300 Ilmu sosial"
"Rahasia Psikologis","-","-","-","-","-","./sampul/sampul210_detail.jpg","https://drive.google.com/file/d/1lA91kcyEUgxNe017Eu9h_REWMYAzQbyS/view?usp=drivesdk","100 Filsafat dan psikologi"
"Rahasia Bebas Financial","-","-","-","-","-","./sampul/sampul211_detail.jpg","https://drive.google.com/file/d/1LZZWdyP4x8RO6M72LXik-dGuCaYIH330/view?usp=drivesdk","300 Ilmu sosial"
"Quantum Life Transformation","-","-","-","-","-","./sampul/sampul212_detail.jpg","https://drive.google.com/file/d/1gVh9r7jA5aQQuTOBDaY0d_1YVhXgcrz9/view?usp=drivesdk","100 Filsafat dan psikologi"
"Python for Programmers","Paul Deitel","Pearson","-","2009","-","./sampul/sampul213_detail.jpg","https://drive.google.com/file/d/1HJMJG0mfjscstHKwMFiFZ2hbb3r0JtQE/view?usp=drivesdk","600 Teknologi atau Ilmu terapan"
"Psikologi Islami","-","-","-","-","-","./sampul/sampul214_detail.jpg","https://drive.google.com/file/d/1DCE2nTgO6KfPT-OVMxttTChgcG5DaqIm/view?usp=drivesdk","100 Filsafat dan psikologi"
"Psikologi Perkembangan Dewasa Muda","Elizabeth B. Hurlock","McGraw-Hill","New York","1980","-","./sampul/sampul215_detail.jpg","https://drive.google.com/file/d/1MtGOW8m2wamgJzI-vB2ykaSDQuEZ-Ly3/view?usp=drivesdk","100 Filsafat dan psikologi"
"Psikologi Musik","Djohan","Best Publisher","Yogyakarta","2009","-","./sampul/sampul216_detail.jpg","https://drive.google.com/file/d/1NntSSjo3d_V6GgE6FJrL2ZtSflStw6yJ/view?usp=drivesdk","100 Filsafat dan psikologi"
"Psikologi Faal","Sarlito W. Sarwono","Rajawali Press","Jakarta","2002","-","./sampul/sampul217_detail.jpg","https://drive.google.com/file/d/1OFTUPCHwgGUkjO4rRbeQtCSmfNdmVqWH/view?usp=drivesdk","100 Filsafat dan psikologi"
"Psikologi (Edisi 9)","-","-","-","-","-","./sampul/sampul218_detail.jpg","https://drive.google.com/file/d/1U6gQaKVCKi_Eq44T7jjWrqCCMf11TFSW/view?usp=drivesdk","100 Filsafat dan psikologi"
"PSIKOLOGI BELAJAR & MENGAJAR, Kunci Sukses Guru dan Peserta Didik dalam Interaksi Edukatif","Eni Fariyatul Fahyuni, S.Psi, M.Pd.I dan Dra. Istikomah, M.Ag","-","-","2016","-","./sampul/sampul219_detail.jpg","https://drive.google.com/file/d/1laFpoTS2gYdjQQocMUYuQ8hyx8fbhvIf/view?usp=drivesdk","100 Filsafat dan psikologi"
"Psikologi Belajar (Buku Perkuliahan)","RIZMA FITHRI, S.Psi, M. Si","UIN Sunan Ampel","Surabaya","2014","-","./sampul/sampul220_detail.jpg","https://drive.google.com/file/d/1WL8mJ4ydK9WDGUgZze1gdM0-NHkJwsnn/view?usp=drivesdk","100 Filsafat dan psikologi"
"Psikologi Anak dan Remaja","Singgih D. Gunarsa","BPK Gunung Mulia","Jakarta","2008","-","./sampul/sampul221_detail.jpg","https://drive.google.com/file/d/13iEogeO0bE7KTyQIaoymjyPhhG2xn0Ja/view?usp=drivesdk","100 Filsafat dan psikologi"
"Premortem","Gary Klein","Harvard Business Review Press","Boston","2007","-","./sampul/sampul222_detail.jpg","https://drive.google.com/file/d/143tn8V0BlzmNAWv8PLJpBHF9TAohyhyA/view?usp=drivesdk","100 Filsafat dan psikologi"
"Prakarya Kelas 7 Semester 2","Kemendikbud","Kemendikbud","Jakarta","2017","-","./sampul/sampul223_detail.jpg","https://drive.google.com/file/d/10OiuPAfBQGe8m9xkM_1qkS3XiihuV31y/view?usp=drivesdk","600 Teknologi atau Ilmu terapan"
"Piramida Bangsa Aztek","-","-","-","-","-","./sampul/sampul224_detail.jpg","https://drive.google.com/file/d/1bIlKnWXLExeHRQdeB6st66xVXaxtAasH/view?usp=drivesdk","900 Sejarah dan geografi"
"PHP The Ultimate Step by Step Guide","-","-","-","-","-","./sampul/sampul225_detail.jpg","https://drive.google.com/file/d/1Zmu3uY-Ac_N0CuCABWyM16YOX9NUk3Vd/view?usp=drivesdk","600 Teknologi atau Ilmu terapan"
"Peran Sastra dalam Pendidikan Moral","-","-","-","-","-","./sampul/sampul226_detail.jpg","https://drive.google.com/file/d/1Wtx6NLGAvq46fWkOPCY4sf9R3DbFEo1k/view?usp=drivesdk","800 Sastra"
"Penyerbukan Silang Antarbudaya","Koentjaraningrat","Gramedia","Jakarta","1990","-","./sampul/sampul227_detail.jpg","https://drive.google.com/file/d/1Poq1GITIByisug6Qq3KRYt2g6LlgrRXX/view?usp=drivesdk","300 Ilmu sosial"
"Pengaruh Peer Group Terhadap Pendidikan Karakter","-","-","-","-","-","./sampul/sampul228_detail.jpg","https://drive.google.com/file/d/1FgeXSv89ETT8lXJRORjH2wIByMQe8cEd/view?usp=drivesdk","300 Ilmu sosial"
"Pengantar Filsafat untuk Psikologi","-","-","-","-","-","./sampul/sampul229_detail.jpg","https://drive.google.com/file/d/1wv2r3YiNl0Hsr_NztE-5Htgzztj_x8Fy/view?usp=drivesdk","100 Filsafat dan psikologi"
"Pendidikan Remaja (BSE)","Kemendikbud","Kemendikbud","Jakarta","2015","-","./sampul/sampul230_detail.jpg","https://drive.google.com/file/d/1N2AJKt1n7XG0swUKtbozp35wN_xVQ2le/view?usp=drivesdk","300 Ilmu sosial"
"Pembelajaran Matematika dalam Perspektif Al-Qurโ€an","-","-","-","-","-","./sampul/sampul231_detail.jpg","https://drive.google.com/file/d/1H2ml6vOLuBrl7jG6tHB6FI57OkhGQetN/view?usp=drivesdk","200 Agama"
"Pedoman Peringatan Hardiknas 2019","Kemendikbud","Kemendikbud","Jakarta","2019","-","./sampul/sampul232_detail.jpg","https://drive.google.com/file/d/1W09dB2XZDfyU7RwwWxjLbg5s7vqZdbXb/view?usp=drivesdk","300 Ilmu sosial"
"Panduan Ubuntu Server","-","-","-","-","-","./sampul/sampul233_detail.jpg","https://drive.google.com/file/d/1D0Oh4u-h8nz1oCNXT2jS9JgPMwapkglk/view?usp=drivesdk","600 Teknologi atau Ilmu terapan"
"Panduan Resmi Tes Psikotest","-","-","-","-","-","./sampul/sampul234_detail.jpg","https://drive.google.com/file/d/1It8g0avKj-gQaxTSdz0fkLAPnNdeuekx/view?usp=drivesdk","100 Filsafat dan psikologi"
"Panduan LCPN 2019","-","-","-","-","-","./sampul/sampul235_detail.jpg","https://drive.google.com/file/d/1lprSyJdexFfVcP17_NRECej62J6e7Mm6/view?usp=drivesdk","000 Referensi umum"
"Panduan CorelDraw X4","-","-","-","-","-","./sampul/sampul236_detail.jpg","https://drive.google.com/file/d/1FFoegctEuKVJyXsd2Pp4tD8U7kDaodri/view?usp=drivesdk","600 Teknologi atau Ilmu terapan"
"One of Us Is Lying","Karen M. McManus","Delacorte Press","New York","2017","-","./sampul/sampul237_detail.jpg","https://drive.google.com/file/d/1WNplFAyCEqXIBY6o07YK8DKsHYQ0yfB4/view?usp=drivesdk","800 Sastra"
"Oligarki","Jeffrey A. Winters","Cambridge University Press","Cambridge","2011","-","./sampul/sampul238_detail.jpg","https://drive.google.com/file/d/1X8wlyq4JT81dKBwqffDntWo0MvCiUXSm/view?usp=drivesdk","300 Ilmu sosial"
"Negeri van Oranje","Wahyuningrat dkk","Bentang Pustaka","Yogyakarta","2009","-","./sampul/sampul239_detail.jpg","https://drive.google.com/file/d/1Mx83uv4hzivPLOucJ3T4enp-b5mkjKwg/view?usp=drivesdk","800 Sastra"
"Moral Ekonomi Bugis","-","-","-","-","-","./sampul/sampul240_detail.jpg","https://drive.google.com/file/d/1tfd45IyfEdG5LPMv4j3m7_E3hq3tbpg6/view?usp=drivesdk","300 Ilmu sosial"
"Modul IPA","Kemendikbud","Kemendikbud","Jakarta","2017","-","./sampul/sampul241_detail.jpg","https://drive.google.com/file/d/1zMN8TpISpqC9WfgWg72i7aOWuTFvTPd-/view?usp=drivesdk","500 Sains dan matematika"
"Model Intervensi Gangguan Kesulitan Belajar","-","-","-","-","-","./sampul/sampul242_detail.jpg","https://drive.google.com/file/d/18w2HTPzLJbu97DyEWzJIGtdXwZcx_oaj/view?usp=drivesdk","300 Ilmu sosial"
"Mockingjay","Suzanne Collins","Scholastic Press","New York","2010","-","./sampul/sampul243_detail.jpg","https://drive.google.com/file/d/10OkvRh1Ps9SdtiFqilKyDq-R_V-gYn5u/view?usp=drivesdk","800 Sastra"
"Mindset Is Everything","-","-","-","-","-","./sampul/sampul244_detail.jpg","https://drive.google.com/file/d/1o-6c_7mVQ-VcEjkJcG1uCE7-1WYXeL67/view?usp=drivesdk","100 Filsafat dan psikologi"
"Mimpi-mimpi Lintang","Andrea Hirata","Bentang Pustaka","Yogyakarta","2006","-","./sampul/sampul245_detail.jpg","https://drive.google.com/file/d/1DQlHpu4LW9WmHFgiDfwlMWV8903eQz0l/view?usp=drivesdk","800 Sastra"
"Millionaire Mindset 01","T. Harv Eker","HarperCollins","New York","2005","-","./sampul/sampul246_detail.jpg","https://drive.google.com/file/d/1MMgWVUAYA9UICXPUn7tPRTTvYztuJuVi/view?usp=drivesdk","300 Ilmu sosial"
"Millionaire Mindset 02","T. Harv Eker","HarperCollins","New York","2005","-","./sampul/sampul247_detail.jpg","https://drive.google.com/file/d/1paojA18aH7ksjrv8pkMzB1CsroAbr7YM/view?usp=drivesdk","300 Ilmu sosial"
"Menyunting Karangan","-","-","-","-","-","./sampul/sampul248_detail.jpg","https://drive.google.com/file/d/1vLOp1Z0HKojMWAzHuj3reJP3aaKfXJNg/view?usp=drivesdk","400 Bahasa"
"Menulis Cinta dan Keyakinan","-","-","-","-","-","./sampul/sampul249_detail.jpg","https://drive.google.com/file/d/10n_NypqVOsitejMPZQzKgqaebFAM8dEU/view?usp=drivesdk","800 Sastra"
"Mengembalikan Puisi ke Ruang Publik","-","-","-","-","-","./sampul/sampul250_detail.jpg","https://drive.google.com/file/d/1oqBgrarR4Lh6Vpqzmu40PMbZRl5NxwwR/view?usp=drivesdk","800 Sastra"
"Membaca Islam Aceh","-","-","-","-","-","./sampul/sampul251_detail.jpg","https://drive.google.com/file/d/15nfjIxETqUJ4_vwC_zbqiu1dUOJXFTq9/view?usp=drivesdk","200 Agama"
"Melipat Jarak","Sapardi Djoko Damono","Gramedia","Jakarta","2012","-","./sampul/sampul252_detail.jpg","https://drive.google.com/file/d/1RfqWbIMbITBV4VcJyclfTsA-Xu8n0tUq/view?usp=drivesdk","800 Sastra"
"Manual UBK 2019","Kemendikbud","Kemendikbud","Jakarta","2019","-","./sampul/sampul253_detail.jpg","https://drive.google.com/file/d/1BmUW8-1-zIaQfDyUsUOfOR8Bsy4EDF03/view?usp=drivesdk","000 Referensi umum"
"Manajemen Risiko","-","-","-","-","-","./sampul/sampul254_detail.jpg","https://drive.google.com/file/d/1OyhqgFBG6megXhaGt4Xf24Xu0xe4_-Mv/view?usp=drivesdk","300 Ilmu sosial"
"Manajemen Proyek","Harold Kerzner","Wiley","New York","2001","-","./sampul/sampul255_detail.jpg","https://drive.google.com/file/d/15gEYhtMT543lJ_f7V4UmFCR3XiPY2NXh/view?usp=drivesdk","300 Ilmu sosial"
"Manajemen Praktis untuk Entrepreneur","-","-","-","-","-","./sampul/sampul256_detail.jpg","https://drive.google.com/file/d/1CtA43rOE2Og9ZwfKFFfb2riDc55K7AtS/view?usp=drivesdk","300 Ilmu sosial"
"Manajemen Perubahan","-","-","-","-","-","./sampul/sampul257_detail.jpg","https://drive.google.com/file/d/1R7saB_ROILDNBOAemyj9JD1nBKkFkxEe/view?usp=drivesdk","300 Ilmu sosial"
"Manajemen Operasi","Jay Heizer","Pearson","-","2011","-","./sampul/sampul258_detail.jpg","https://drive.google.com/file/d/1Ds39cILA0RscIzEs4T6hZ9QOkrt4UZOq/view?usp=drivesdk","300 Ilmu sosial"
"Manajemen Konstruksi","-","-","-","-","-","./sampul/sampul259_detail.jpg","https://drive.google.com/file/d/1qIjGuwSCfhpk7u8DYlq3wGDH3cgoUmzG/view?usp=drivesdk","600 Teknologi atau Ilmu terapan"
"Manajemen Kepelabuhan","-","-","-","-","-","./sampul/sampul260_detail.jpg","https://drive.google.com/file/d/1J0R_XDGAfLPTB6I0MO0Fp9-sYIq-pjHw/view?usp=drivesdk","600 Teknologi atau Ilmu terapan"
"Makalah Al-Qur'an Teknologi Informasi","-","-","-","-","-","./sampul/sampul261_detail.jpg","https://drive.google.com/file/d/1kjiNyx7aT_sQVyQQ2vqscDmh-qWmF_ER/view?usp=drivesdk","200 Agama"
"MSDOS Primer","-","-","-","-","-","./sampul/sampul262_detail.jpg","https://drive.google.com/file/d/1g7WUuXREt-ALgtSjU7EILaynfM0lF3Be/view?usp=drivesdk","600 Teknologi atau Ilmu terapan"
"Kronik Betawi","Alwi Shahab","Kompas","Jakarta","2001","-","./sampul/sampul263_detail.jpg","https://drive.google.com/file/d/16alpRkIviZVUfzIQaCiHCvsOsFuNxj8D/view?usp=drivesdk","900 Sejarah dan geografi"
"Koreksi terhadap Dr. Harun Nasution","-","-","-","-","-","./sampul/sampul264_detail.jpg","https://drive.google.com/file/d/11e31DIRICPZLqrRlgqpbi-Zshaatmbiv/view?usp=drivesdk","200 Agama"
"Kontribusi Kiai Kholil Bangkalan dalam Mengembangkan Tasawuf","-","-","-","-","-","./sampul/sampul265_detail.jpg","https://drive.google.com/file/d/1_vtSJAW6sWpOPpIpkN-mJtwFLMW9qI-W/view?usp=drivesdk","200 Agama"
"Konstituen Pilar Utama Partai Politik","-","-","-","-","-","./sampul/sampul266_detail.jpg","https://drive.google.com/file/d/1wTMFaBg4Ty9zQaXrEVBgXO9VOgV63G7G/view?usp=drivesdk","300 Ilmu sosial"
"Kondisi Kebebasan","Amartya Sen","Oxford University Press","Oxford","1999","-","./sampul/sampul267_detail.jpg","https://drive.google.com/file/d/1R_HHsPJJ1hISFuv0gx1qJCArivJmaCHY/view?usp=drivesdk","300 Ilmu sosial"
"Kitab al-Nawadir","-","-","-","-","-","./sampul/sampul268_detail.jpg","https://drive.google.com/file/d/1EnDpIQ3IX9GQmnfmOeXt5wMVc2Xd2Anq/view?usp=drivesdk","200 Agama"
"Ketika Kas Habis","-","-","-","-","-","./sampul/sampul269_detail.jpg","https://drive.google.com/file/d/1BrGqRc0uemG0P8VbqFCTBFpoKAbfyrYH/view?usp=drivesdk","300 Ilmu sosial"
"Kemilau Satu Langit","-","-","-","-","-","./sampul/sampul270_detail.jpg","https://drive.google.com/file/d/1kpYc-ayLlbLnbt7Ih9tr8Yvi1MI31jYh/view?usp=drivesdk","800 Sastra"
"Keluar dari Ekstremisme","-","-","-","-","-","./sampul/sampul271_detail.jpg","https://drive.google.com/file/d/1VjHhUJR3VGz91u5ufnibteiTKDFG0dsc/view?usp=drivesdk","300 Ilmu sosial"
"Kekerasan Simbolik di Sekolah","Pierre Bourdieu","-","-","-","-","./sampul/sampul272_detail.jpg","https://drive.google.com/file/d/1vdyo-oc9zw_-zdDyDsT74PnwAv-PIAjs/view?usp=drivesdk","300 Ilmu sosial"
"Kamus Ilmu Nahwu dan Sharaf","-","-","-","-","-","./sampul/sampul273_detail.jpg","https://drive.google.com/file/d/1by2p-n0EsfdrOWD73AJSUATceA8RkC5Z/view?usp=drivesdk","400 Bahasa"
"Kamus Filsafat","Lorens Bagus","Gramedia","Jakarta","2000","-","./sampul/sampul274_detail.jpg","https://drive.google.com/file/d/1XRC1TK9-wh_7IeOcM6igTQjXQnynOl08/view?usp=drivesdk","100 Filsafat dan psikologi"
"Jalan Bandungan","NH Dini","Gramedia","Jakarta","1989","-","./sampul/sampul275_detail.jpg","https://drive.google.com/file/d/1W5XObVIuyGEeUga-EbJF2SyEEHq3CE1e/view?usp=drivesdk","800 Sastra"
"Jalaluddin Rumi","Jalaluddin Rumi","-","-","-","-","./sampul/sampul276_detail.jpg","https://drive.google.com/file/d/1f8XpZcHfGAjfpdQqebmbAdw9Qjxt2fOP/view?usp=drivesdk","200 Agama"
"Islam Bubuhan Kumai","-","-","-","-","-","./sampul/sampul277_detail.jpg","https://drive.google.com/file/d/1cCCd0LcT6K68R-VrvOrxknTLXYH72lr5/view?usp=drivesdk","200 Agama"
"Invasi Islam","-","-","-","-","-","./sampul/sampul278_detail.jpg","https://drive.google.com/file/d/1rnwGmwLhXu1eZjd45ljIphB5hKNoJetr/view?usp=drivesdk","200 Agama"
"Intelegensia Muslim dan Kuasa","-","-","-","-","-","./sampul/sampul279_detail.jpg","https://drive.google.com/file/d/1YBajXIQakn9JcLNJDwIPcqxOqnd8-oO8/view?usp=drivesdk","300 Ilmu sosial"
"Ilmuwan Harus Jujur","-","-","-","-","-","./sampul/sampul280_detail.jpg","https://drive.google.com/file/d/1SjeU5c4EVrGciMBKJriZOlGi6GJWLKBR/view?usp=drivesdk","100 Filsafat dan psikologi"
"Hidup Bukan untuk Mati","-","-","-","-","-","./sampul/sampul281_detail.jpg","https://drive.google.com/file/d/1-0NPijzMdwBnf-aPICj7vxywTNG00R5p/view?usp=drivesdk","100 Filsafat dan psikologi"
"Hermeneutika dan Tafsir Al-Qur'an","-","-","-","-","-","./sampul/sampul282_detail.jpg","https://drive.google.com/file/d/1bQEA-In68fubw-BsxiSL1s8C2jLIX42b/view?usp=drivesdk","200 Agama"
"Hakikat Shiyam","Yusuf Qardhawi","-","-","-","-","./sampul/sampul283_detail.jpg","https://drive.google.com/file/d/1U33h8Urh5qcACHNcl8gGejfYxLDhgkGF/view?usp=drivesdk","200 Agama"
"Hacking Practical Guide for Beginners","-","-","-","-","-","./sampul/sampul284_detail.jpg","https://drive.google.com/file/d/1cW2ZDrgQO3v_rF0FTtwwfjf8VV5yvLIW/view?usp=drivesdk","600 Teknologi atau Ilmu terapan"
"Genetic Algorithms and Machine","-","-","-","-","-","./sampul/sampul285_detail.jpg","https://drive.google.com/file/d/1BxoXsE-ptjpluwdpR7kF5UJzfyZqqXm0/view?usp=drivesdk","500 Sains dan matematika"
"Garut Kota Iluminati","-","-","-","-","-","./sampul/sampul286_detail.jpg","https://drive.google.com/file/d/1gRqINuQ1Pz-B5gk_yfSgBMrttt7RJwyd/view?usp=drivesdk","000 Referensi umum"
"Game Edukatif untuk Balita","-","-","-","-","-","./sampul/sampul287_detail.jpg","https://drive.google.com/file/d/13WEwlXtzXEx9mods2kJhbletqNcWVLFs/view?usp=drivesdk","700 Kesenian dan rekreasi"
"Filsafat Perselingkuhan sampai Anoreksia Kudus","-","-","-","-","-","./sampul/sampul288_detail.jpg","https://drive.google.com/file/d/1OqtepOFXl93CgUWv3OQtVFptkqa7KpFx/view?usp=drivesdk","100 Filsafat dan psikologi"
"Filsafat Pendidikan","John Dewey","-","-","-","-","./sampul/sampul289_detail.jpg","https://drive.google.com/file/d/18xXUc4kePAr86a56ReHdCGPzByPRy6eR/view?usp=drivesdk","100 Filsafat dan psikologi"
"Filsafat Lingkungan Hidup","Sonny Keraf","Kompas","Jakarta","2002","-","./sampul/sampul290_detail.jpg","https://drive.google.com/file/d/1x70Aiyr6RahXVAMv9iE-ybQWyn_B1q__/view?usp=drivesdk","100 Filsafat dan psikologi"
"Filsafat Islam","Harun Nasution","UI Press","Jakarta","1973","-","./sampul/sampul291_detail.jpg","https://drive.google.com/file/d/1_JfsrhsDrQw4q95btyu8zS60TbdE9YeB/view?usp=drivesdk","200 Agama"
"Filsafat Islam Masa Awal","Majid Fakhry","Pustaka Jaya","Jakarta","2001","-","./sampul/sampul292_detail.jpg","https://drive.google.com/file/d/1MP2VI39o3bG1VfjGjYJj_uGD10jvDFPo/view?usp=drivesdk","200 Agama"
"Fakta dan Opini dalam Teks Iklan di Surat Kabar","-","-","-","-","-","./sampul/sampul293_detail.jpg","https://drive.google.com/file/d/1WvWcXHUEraEvzIbokqCiAWHk6Rm2rYbU/view?usp=drivesdk","400 Bahasa"
"Fakta dan Opini dalam Teks Iklan di Surat Kabar","-","-","-","-","-","./sampul/sampul294_detail.jpg","https://drive.google.com/file/d/1_XTQyTpXBtZbIZLqAarF9vKe4-cRXFvZ/view?usp=drivesdk","400 Bahasa"
"Etos Kerja","Sinamo","Institut Mahardika","Jakarta","2005","-","./sampul/sampul295_detail.jpg","https://drive.google.com/file/d/1QSyNg34sW683Y4ro0OGyLlwGWB8pYkB0/view?usp=drivesdk","100 Filsafat dan psikologi"
"Empat Esai Etika Politik","Franz Magnis-Suseno","Gramedia","Jakarta","1987","-","./sampul/sampul296_detail.jpg","https://drive.google.com/file/d/1GqGh6WuMa6D_3P5VwrvjgC5zLtES0I57/view?usp=drivesdk","300 Ilmu sosial"
"Ebook Exclusive - Modus","-","-","-","-","-","./sampul/sampul297_detail.jpg","https://drive.google.com/file/d/1MQ44YyIX3u3iTOOe063E2XTX1MVNLZ9l/view?usp=drivesdk","000 Referensi umum"
"Dikatakan atau Tidak Dikatakan Itu Tetap Cinta","Tere Liye","Republika","Jakarta","2014","-","./sampul/sampul298_detail.jpg","https://drive.google.com/file/d/1mgtZKVwB0IHD3OOvzWwI3IVmqDcYYzsR/view?usp=drivesdk","800 Sastra"
"Dialog Interaktif","-","-","-","-","-","./sampul/sampul299_detail.jpg","https://drive.google.com/file/d/1Xxk3skUiRhgC5hLkR8azIXkUD-COFX9i/view?usp=drivesdk","000 Referensi umum"
"Demokrasi Madinah","Nurcholish Madjid","Paramadina","Jakarta","1999","-","./sampul/sampul300_detail.jpg","https://drive.google.com/file/d/1OXqyqzznx_D6XhpJdQJP9ch9FD5mSLh5/view?usp=drivesdk","300 Ilmu sosial"
"Chiefdom Madinah","-","-","-","-","-","./sampul/sampul301_detail.jpg","https://drive.google.com/file/d/1gGTNjT6tWHKn-kbxOeSBxn210poYaLwl/view?usp=drivesdk","300 Ilmu sosial"
"Cara Mudah Menghafal Al-Qur'an","-","-","-","-","-","./sampul/sampul302_detail.jpg","https://drive.google.com/file/d/1vnDt5oJzSUc5jqO1I3ZGVDq0UayNx8-8/view?usp=drivesdk","200 Agama"
"Cara Mengaktifkan Menu Transfer Respon","-","-","-","-","-","./sampul/sampul303_detail.jpg","https://drive.google.com/file/d/1ytxPozWQYy-uJ0rZxza1Jus11LuvAqCq/view?usp=drivesdk","600 Teknologi atau Ilmu terapan"
"Bulan Terbelah di Langit Amerika","Hanum Salsabiela Rais","Gramedia","Jakarta","2014","-","./sampul/sampul304_detail.jpg","https://drive.google.com/file/d/1EoDSVz-xx2DPowGoMH2NVnXaJkkPOmVq/view?usp=drivesdk","800 Sastra"
"Buku Panduan Kerja Kepala Sekolah","Kemendikbud","Kemendikbud","Jakarta","2017","-","./sampul/sampul305_detail.jpg","https://drive.google.com/file/d/1TkX2seNBy1jj05d0wepcTl_sL-xCdlMk/view?usp=drivesdk","300 Ilmu sosial"
"Buku Akuntansi Lengkap","-","-","-","-","-","./sampul/sampul306_detail.jpg","https://drive.google.com/file/d/1eZDkU0ql1S_1iOyOdM8a60EGJiGT6BNv/view?usp=drivesdk","300 Ilmu sosial"
"BS IPS Kelas 9","Kemendikbud","Kemendikbud","Jakarta","2018","-","./sampul/sampul307_detail.jpg","https://drive.google.com/file/d/1xbX_1EekE0av9PrFbb_93F9K-49YzXE6/view?usp=drivesdk","300 Ilmu sosial"
"Book of Philosophy","DK","DK Publishing","London","2011","-","./sampul/sampul308_detail.jpg","https://drive.google.com/file/d/1bUf7BtNm3jc_D4i0cbLxzCpSLSj2O65u/view?usp=drivesdk","100 Filsafat dan psikologi"
"Bimbingan dan Konseling di Sekolah","Prayitno","-","-","-","-","./sampul/sampul309_detail.jpg","https://drive.google.com/file/d/1od1yM6kt3_C6aVSVD9Hp-swl6-8MgkTb/view?usp=drivesdk","300 Ilmu sosial"
"BG IPS Kelas 9","Kemendikbud","Kemendikbud","Jakarta","2018","-","./sampul/sampul310_detail.jpg","https://drive.google.com/file/d/1pbU9mfQjewRhhgR3bIe6V1csjI7op0Gw/view?usp=drivesdk","300 Ilmu sosial"
"Betapa Rasulullah Merindukanmu","-","-","-","-","-","./sampul/sampul311_detail.jpg","https://drive.google.com/file/d/1y5mQ2ZM5MKb71wWwkYG7faA6kEkWQbQt/view?usp=drivesdk","200 Agama"
"Belajar Data Mining","Jiawei Han","Morgan Kaufmann","-","2011","-","./sampul/sampul312_detail.jpg","https://drive.google.com/file/d/1dcoALj9_sRsI4UNsuuIUGrE24-BNN42v/view?usp=drivesdk","600 Teknologi atau Ilmu terapan"
"Bagaimana Memahami Hadis Nabi SAW","-","-","-","-","-","./sampul/sampul313_detail.jpg","https://drive.google.com/file/d/1Ux5KBUJNrC-kCdzwsz8BhN21KeTiuyjH/view?usp=drivesdk","200 Agama"
"Baca Ini Kamu Pasti Kuliah di Finlandia","-","-","-","-","-","./sampul/sampul314_detail.jpg","https://drive.google.com/file/d/11NobbuP4L0Voy-PrTFsibkr9A7yGrB_w/view?usp=drivesdk","300 Ilmu sosial"
"Atlas Wali Songo","Agus Sunyoto","Pustaka IIMaN","Surabaya","2012","-","./sampul/sampul315_detail.jpg","https://drive.google.com/file/d/13z31p7-TGDwTO1HSQvpZOR3_bY8urkEF/view?usp=drivesdk","900 Sejarah dan geografi"
"Asian Godfathers","Joe Studwell","Profile Books","London","2007","-","./sampul/sampul316_detail.jpg","https://drive.google.com/file/d/1QOH4NLeF7pm4rNfzJPeGEgCBRVFiIJ5N/view?usp=drivesdk","300 Ilmu sosial"
"Aku Mati Suri Maka Aku Temukan Diriku Sejati","-","-","-","-","-","./sampul/sampul318_detail.jpg","https://drive.google.com/file/d/1FiuqBBKx5dfglz9FDwEzI3suYKtqYwjA/view?usp=drivesdk","100 Filsafat dan psikologi"
"Aku Berfikir Maka Aku Tertawa","-","-","-","-","-","./sampul/sampul319_detail.jpg","https://drive.google.com/file/d/1Bm0W_jCDLykcfibqHJp7LVEUDsl1onAI/view?usp=drivesdk","100 Filsafat dan psikologi"
